Datetime,Water Level (m)
2025-05-29 12:00:00,0.73447126
2025-05-29 13:00:00,0.5704439
2025-05-29 14:00:00,0.53038377
2025-05-29 15:00:00,0.40671623
2025-05-29 16:00:00,0.3487529
2025-05-29 17:00:00,0.8330079
2025-05-29 18:00:00,1.3365338
2025-05-29 19:00:00,1.6279336
2025-05-29 20:00:00,1.6957713
2025-05-29 21:00:00,1.4728774
2025-05-29 22:00:00,1.1299229
2025-05-29 23:00:00,0.73256236
2025-05-30 00:00:00,0.39266482
2025-05-30 01:00:00,0.10151796
2025-05-30 02:00:00,-0.08202388
2025-05-30 03:00:00,-0.11198515
2025-05-30 04:00:00,0.21088235
2025-05-30 05:00:00,0.708018
2025-05-30 06:00:00,1.1524599
2025-05-30 07:00:00,1.474378
2025-05-30 08:00:00,1.6085494
2025-05-30 09:00:00,1.5673155
2025-05-30 10:00:00,1.2977554
2025-05-30 11:00:00,0.85940075
2025-05-30 12:00:00,0.49810755
2025-05-30 13:00:00,0.21344818
2025-05-30 14:00:00,0.009463232
2025-05-30 15:00:00,-0.11775809
2025-05-30 16:00:00,-0.15554787
2025-05-30 17:00:00,0.10874564
2025-05-30 18:00:00,0.5650232
2025-05-30 19:00:00,0.8995484
2025-05-30 20:00:00,1.1053382
2025-05-30 21:00:00,1.1145388
2025-05-30 22:00:00,0.9015516
2025-05-30 23:00:00,0.54922837
2025-05-31 00:00:00,0.20775105
2025-05-31 01:00:00,-0.03731248
2025-05-31 02:00:00,-0.19826
2025-05-31 03:00:00,-0.29670796
2025-05-31 04:00:00,-0.3046721
2025-05-31 05:00:00,0.049582034
2025-05-31 06:00:00,0.58631873
2025-05-31 07:00:00,0.9915179
2025-05-31 08:00:00,1.2990731
2025-05-31 09:00:00,1.3976922
2025-05-31 10:00:00,1.2874951
2025-05-31 11:00:00,1.0075644
2025-05-31 12:00:00,0.61230916
2025-05-31 13:00:00,0.30751225
2025-05-31 14:00:00,0.09132189
2025-05-31 15:00:00,-0.062319208
2025-05-31 16:00:00,-0.15820412
2025-05-31 17:00:00,-0.15524821
2025-05-31 18:00:00,0.124360554
2025-05-31 19:00:00,0.5391647
2025-05-31 20:00:00,0.8244652
2025-05-31 21:00:00,0.97277826
2025-05-31 22:00:00,0.94667375
2025-05-31 23:00:00,0.75913936
2025-06-01 00:00:00,0.43623063
2025-06-01 01:00:00,0.1359382
2025-06-01 02:00:00,-0.08030317
2025-06-01 03:00:00,-0.22404677
2025-06-01 04:00:00,-0.29253504
2025-06-01 05:00:00,-0.20890729
2025-06-01 06:00:00,0.2719671
2025-06-01 07:00:00,0.74015653
2025-06-01 08:00:00,1.0772283
2025-06-01 09:00:00,1.248081
2025-06-01 10:00:00,1.227696
2025-06-01 11:00:00,1.0757974
2025-06-01 12:00:00,0.8116542
2025-06-01 13:00:00,0.51578546
2025-06-01 14:00:00,0.28323206
2025-06-01 15:00:00,0.10566639
2025-06-01 16:00:00,-0.02099601
2025-06-01 17:00:00,-0.11060375
2025-06-01 18:00:00,-0.11905722
2025-06-01 19:00:00,0.09290795
2025-06-01 20:00:00,0.46727866
2025-06-01 21:00:00,0.7211899
2025-06-01 22:00:00,0.8419096
2025-06-01 23:00:00,0.80250806
2025-06-02 00:00:00,0.60779333
2025-06-02 01:00:00,0.3223836
2025-06-02 02:00:00,0.08921563
2025-06-02 03:00:00,-0.07235543
2025-06-02 04:00:00,-0.15609345
2025-06-02 05:00:00,-0.15856324
2025-06-02 06:00:00,0.008238966
2025-06-02 07:00:00,0.42590398
2025-06-02 08:00:00,0.77837247
2025-06-02 09:00:00,1.0330474
2025-06-02 10:00:00,1.1503794
2025-06-02 11:00:00,1.126651
2025-06-02 12:00:00,0.97349095
2025-06-02 13:00:00,0.7314055
2025-06-02 14:00:00,0.44907638
2025-06-02 15:00:00,0.2347844
2025-06-02 16:00:00,0.07471482
2025-06-02 17:00:00,-0.033784762
2025-06-02 18:00:00,-0.07719489
2025-06-02 19:00:00,-0.008252596
2025-06-02 20:00:00,0.23656654
2025-06-02 21:00:00,0.53719014
2025-06-02 22:00:00,0.72257155
2025-06-02 23:00:00,0.7964446
2025-06-03 00:00:00,0.7620207
2025-06-03 01:00:00,0.6406809
2025-06-03 02:00:00,0.45109648
2025-06-03 03:00:00,0.25179404
2025-06-03 04:00:00,0.113293156
2025-06-03 05:00:00,0.034774598
2025-06-03 06:00:00,0.03292831
2025-06-03 07:00:00,0.16204193
2025-06-03 08:00:00,0.4831006
2025-06-03 09:00:00,0.78142494
2025-06-03 10:00:00,0.96463853
2025-06-03 11:00:00,1.0140382
2025-06-03 12:00:00,0.9289085
2025-06-03 13:00:00,0.764901
2025-06-03 14:00:00,0.5560404
2025-06-03 15:00:00,0.33677608
2025-06-03 16:00:00,0.16149357
2025-06-03 17:00:00,0.030710025
2025-06-03 18:00:00,-0.051165882
2025-06-03 19:00:00,-0.0879261
2025-06-03 20:00:00,-0.042843767
2025-06-03 21:00:00,0.14327966
2025-06-03 22:00:00,0.4120172
2025-06-03 23:00:00,0.61228424
2025-06-04 00:00:00,0.7181175
2025-06-04 01:00:00,0.71828943
2025-06-04 02:00:00,0.6197576
2025-06-04 03:00:00,0.44462538
2025-06-04 04:00:00,0.24381366
2025-06-04 05:00:00,0.100124605
2025-06-04 06:00:00,0.017797917
2025-06-04 07:00:00,0.004796484
2025-06-04 08:00:00,0.10578958
2025-06-04 09:00:00,0.37754446
2025-06-04 10:00:00,0.6664982
2025-06-04 11:00:00,0.8410901
2025-06-04 12:00:00,0.88535625
